run,LX_pc,LY_pc,cell_size_pc,tile_shape,profile,SG_pearson,SG_rmsd,LR_pearson,LR_rmsd
run_tiled_box_10x20_16x8_20260924_201204,10.0,20.0,1.25,8 rows x 4 cols,Density,0.9636818766593933,0.27655941247940063,0.9763350486755371,0.2242325246334076
run_tiled_box_10x20_16x8_20260924_201204,10.0,20.0,1.25,8 rows x 4 cols,Temperature,0.9642667174339294,0.28355279564857483,0.9771766662597656,0.22505581378936768
run_tiled_box_10x20_16x8_20260924_201204,10.0,20.0,1.25,8 rows x 4 cols,Pressure,0.5695971846580505,147.74954223632812,0.41286277770996094,156.7393341064453
run_tiled_box_10x20_16x8_20260924_201204,10.0,20.0,1.25,8 rows x 4 cols,Ux Velocity,0.9559558629989624,4.306777477264404,0.964952826499939,3.913736343383789
run_tiled_box_10x20_16x8_20260924_201204,10.0,20.0,1.25,8 rows x 4 cols,Uy Velocity,0.9630157947540283,5.770364761352539,0.9746229648590088,4.623804569244385
run_tiled_box_10x20_16x8_20260924_201204,10.0,20.0,1.25,8 rows x 4 cols,Conserved Density,0.9813591241836548,0.015883654356002808,0.9842312335968018,0.015496122650802135
run_tiled_box_10x20_16x8_20260924_201204,10.0,20.0,1.25,8 rows x 4 cols,Conserved MomX,0.870725154876709,0.003713651793077588,0.9108003973960876,0.0045580267906188965
run_tiled_box_10x20_16x8_20260924_201204,10.0,20.0,1.25,8 rows x 4 cols,Conserved MomY,0.5121690034866333,0.0005948912003077567,0.5924373269081116,0.0012379230465739965
run_tiled_box_10x20_16x8_20260924_201204,10.0,20.0,1.25,8 rows x 4 cols,Conserved Energy,0.10922934114933014,2.077396584019165e-14,-0.123992919921875,3.5186029843882125e-14
run_tiled_box_10x20_16x8_20260924_201204,10.0,20.0,1.25,8 rows x 4 cols,Passive Scalar,0.985421895980835,0.008515543304383755,0.9882931709289551,0.007624049670994282
run_tiled_box_10x20_16x8_20260924_201204,10.0,20.0,1.25,8 rows x 4 cols,fmcl (T < 1e5),0.9612585208074527,0.14351482839355853,0.9737860160559815,0.12552951420988212
run_tiled_box_10x20_16x8_20260924_201204,10.0,20.0,1.25,8 rows x 4 cols,rho u_x u_y (Avg over X),0.4510430097579956,4.8833516169601715e-15,0.5903841257095337,1.1897878786793631e-14
run_tiled_box_10x20_16x8_20260924_201204,10.0,20.0,1.25,8 rows x 4 cols,p + rho u_y^2 (Avg over X),0.26140958070755005,5.678511843008145e-15,-0.5200318098068237,1.3758894875206054e-14
run_tiled_box_10x20_16x8_20260924_201204,10.0,20.0,1.25,8 rows x 4 cols,Momentum Flux T_{xx} = rho u_x^2 + p,0.5472224950790405,2.6063249526793973e-14,0.6249241828918457,4.2842675750370124e-14
run_tiled_box_10x20_16x8_20260924_201204,10.0,20.0,1.25,8 rows x 4 cols,Energy Flux (E+p)u_x,0.9537007808685303,2.501752192074491e-07,0.9620492458343506,2.3634777335246326e-07
run_tiled_box_10x20_16x8_20260924_201204,10.0,20.0,1.25,8 rows x 4 cols,Energy Flux (E+p)u_y,0.9585790634155273,3.273322306540649e-07,0.9734479188919067,2.716764981869346e-07
run_tiled_box_10x20_16x8_20260924_201204,10.0,20.0,1.25,8 rows x 4 cols,Div Mass Flux (div j),0.48431533575057983,0.00033448959584347904,0.4903576672077179,0.0005975848180241883
run_tiled_box_10x20_16x8_20260924_201204,10.0,20.0,1.25,8 rows x 4 cols,Div MomX Flux (div T_x),0.0631684809923172,3.2372119053984032e-15,0.10877442359924316,6.588503055165963e-15
run_tiled_box_10x20_16x8_20260924_201204,10.0,20.0,1.25,8 rows x 4 cols,Div MomY Flux (div T_y),0.17336228489875793,2.309004826193408e-15,-0.35302454233169556,2.968462750794717e-15
run_tiled_box_10x20_16x8_20260924_201204,10.0,20.0,1.25,8 rows x 4 cols,Mean Cooling Rate Profile vs y,0.7395742505619713,1.4566028827643152e-26,0.8339582521848998,2.015866589410456e-26
run_tiled_box_10x20_32x16_20260929_121609,10.0,20.0,0.625,32 rows x 16 cols,Density,0.9796635236475515,0.19863238962022775,0.9830324109555695,0.1697623615505475
run_tiled_box_10x20_32x16_20260929_121609,10.0,20.0,0.625,32 rows x 16 cols,Temperature,0.9770647313271607,0.2149792523495459,0.9846995823476987,0.16586533858136862
run_tiled_box_10x20_32x16_20260929_121609,10.0,20.0,0.625,32 rows x 16 cols,Pressure,0.6226333280911792,107.69488971637898,0.9334703291271609,58.428790601285456
run_tiled_box_10x20_32x16_20260929_121609,10.0,20.0,0.625,32 rows x 16 cols,Ux Velocity,0.9889043021087317,2.4604065103764614,0.9925569500465253,1.5201847741571477
run_tiled_box_10x20_32x16_20260929_121609,10.0,20.0,0.625,32 rows x 16 cols,Uy Velocity,0.999692690417409,1.7143087712477334,0.9940204419942369,3.7235009532615053
run_tiled_box_10x20_32x16_20260929_121609,10.0,20.0,0.625,32 rows x 16 cols,Conserved Density,0.9868243903713332,0.01437987033982532,0.96533284715497,0.019741891723651254
run_tiled_box_10x20_32x16_20260929_121609,10.0,20.0,0.625,32 rows x 16 cols,Conserved MomX,0.837096881306725,0.0037003816134716276,0.9402823748025038,0.0023450108572141814
run_tiled_box_10x20_32x16_20260929_121609,10.0,20.0,0.625,32 rows x 16 cols,Conserved MomY,0.9361455709233755,0.00016665453894698662,0.7962822510180951,0.0005441068961407812
run_tiled_box_10x20_32x16_20260929_121609,10.0,20.0,0.625,32 rows x 16 cols,Conserved Energy,0.7331548849792707,1.0678117467498167e-14,0.7386104627483808,1.1681579394344516e-14
run_tiled_box_10x20_32x16_20260929_121609,10.0,20.0,0.625,32 rows x 16 cols,Passive Scalar,0.9862788241293291,0.007360402973596115,0.9611487166165287,0.011757758332730517
run_tiled_box_10x20_32x16_20260929_121609,10.0,20.0,0.625,32 rows x 16 cols,fmcl (T < 1e5),0.9708901833418033,0.11422869768197826,0.98773451547566,0.06804839219221237
run_tiled_box_10x20_32x16_20260929_121609,10.0,20.0,0.625,32 rows x 16 cols,rho u_x u_y (Avg over X),0.9091876140045526,1.825945389617841e-15,0.9146993606920614,4.81653459581339e-15
run_tiled_box_10x20_32x16_20260929_121609,10.0,20.0,0.625,32 rows x 16 cols,p + rho u_y^2 (Avg over X),0.33538729611111434,3.208634378897772e-15,-0.6352199483007079,6.431807440596777e-15
run_tiled_box_10x20_32x16_20260929_121609,10.0,20.0,0.625,32 rows x 16 cols,Momentum Flux T_{xx} = rho u_x^2 + p,0.538726083944497,1.5782287382685524e-14,0.4560130485574073,1.8962791674763735e-14
run_tiled_box_10x20_32x16_20260929_121609,10.0,20.0,0.625,32 rows x 16 cols,Energy Flux (E+p)u_x,0.9888538317929807,1.402654953176904e-07,0.9931645969358176,8.51431937572481e-08
run_tiled_box_10x20_32x16_20260929_121609,10.0,20.0,0.625,32 rows x 16 cols,Energy Flux (E+p)u_y,0.9994001707020082,9.895563657506969e-08,0.9954282876977021,2.1559749085598553e-07
run_tiled_box_10x20_32x16_20260929_121609,10.0,20.0,0.625,32 rows x 16 cols,Div Mass Flux (div j),0.5195422280639406,0.0001454812847682936,0.2926045476042235,0.0003272046780988989
run_tiled_box_10x20_32x16_20260929_121609,10.0,20.0,0.625,32 rows x 16 cols,Div MomX Flux (div T_x),0.3335016730128665,9.1722861410107e-16,0.29617383631985195,2.4178352641337955e-15
run_tiled_box_10x20_32x16_20260929_121609,10.0,20.0,0.625,32 rows x 16 cols,Div MomY Flux (div T_y),0.024915751992739252,1.2849735328982787e-15,-0.21912142877443697,1.857804902326509e-15
run_tiled_box_10x20_32x16_20260929_121609,10.0,20.0,0.625,32 rows x 16 cols,Mean Cooling Rate Profile vs y,0.9242596438245823,7.397797722754747e-27,0.7998413388781686,1.7708916575269464e-26
run_tiled_box_20x40_32x16_20260924_203741,20.0,40.0,1.25,8 rows x 4 cols,Density,0.9920441508293152,0.11629637330770493,0.9819455146789551,0.17898838222026825
run_tiled_box_20x40_32x16_20260924_203741,20.0,40.0,1.25,8 rows x 4 cols,Temperature,0.9928547739982605,0.1110735759139061,0.9830516576766968,0.1782790720462799
run_tiled_box_20x40_32x16_20260924_203741,20.0,40.0,1.25,8 rows x 4 cols,Pressure,0.9286049008369446,26.962570190429688,0.8989417552947998,57.812294006347656
run_tiled_box_20x40_32x16_20260924_203741,20.0,40.0,1.25,8 rows x 4 cols,Ux Velocity,0.9909693002700806,1.9888851642608643,0.9914344549179077,1.7825171947479248
run_tiled_box_20x40_32x16_20260924_203741,20.0,40.0,1.25,8 rows x 4 cols,Uy Velocity,0.9907688498497009,7.596094608306885,0.9968147873878479,2.0836942195892334
run_tiled_box_20x40_32x16_20260924_203741,20.0,40.0,1.25,8 rows x 4 cols,Conserved Density,0.9823694229125977,0.016165610402822495,0.9627441167831421,0.022167153656482697
run_tiled_box_20x40_32x16_20260924_203741,20.0,40.0,1.25,8 rows x 4 cols,Conserved MomX,0.9596885442733765,0.0020621498115360737,0.9175270795822144,0.0025859528686851263
run_tiled_box_20x40_32x16_20260924_203741,20.0,40.0,1.25,8 rows x 4 cols,Conserved MomY,0.7546095252037048,0.0005802352097816765,0.696624755859375,0.0007814915152266622
run_tiled_box_20x40_32x16_20260924_203741,20.0,40.0,1.25,8 rows x 4 cols,Conserved Energy,0.7238266468048096,9.992118182942499e-15,0.7467646598815918,9.681873731285772e-15
run_tiled_box_20x40_32x16_20260924_203741,20.0,40.0,1.25,8 rows x 4 cols,Passive Scalar,0.9803760051727295,0.010179558768868446,0.9573235511779785,0.0143450191244483
run_tiled_box_20x40_32x16_20260924_203741,20.0,40.0,1.25,8 rows x 4 cols,fmcl (T < 1e5),0.9920107609209233,0.0573397768594937,0.9857484297505772,0.07648583156963229
run_tiled_box_20x40_32x16_20260924_203741,20.0,40.0,1.25,8 rows x 4 cols,rho u_x u_y (Avg over X),0.8933565020561218,3.811921430769841e-15,0.8321138620376587,5.136636491045836e-15
run_tiled_box_20x40_32x16_20260924_203741,20.0,40.0,1.25,8 rows x 4 cols,p + rho u_y^2 (Avg over X),0.6936664581298828,5.5269789192937714e-15,-0.4172610342502594,9.59156900768015e-15
run_tiled_box_20x40_32x16_20260924_203741,20.0,40.0,1.25,8 rows x 4 cols,Momentum Flux T_{xx} = rho u_x^2 + p,0.38449448347091675,2.2163879144000177e-14,0.4739052653312683,2.139283691057585e-14
run_tiled_box_20x40_32x16_20260924_203741,20.0,40.0,1.25,8 rows x 4 cols,Energy Flux (E+p)u_x,0.989661455154419,1.2165202178948675e-07,0.9907509088516235,1.0679181627892831e-07
run_tiled_box_20x40_32x16_20260924_203741,20.0,40.0,1.25,8 rows x 4 cols,Energy Flux (E+p)u_y,0.9899806976318359,4.3453792386571877e-07,0.996812105178833,1.2312247577028756e-07
run_tiled_box_20x40_32x16_20260924_203741,20.0,40.0,1.25,8 rows x 4 cols,Div Mass Flux (div j),0.22132128477096558,0.00011751201964216307,0.11632189154624939,0.00032446999102830887
run_tiled_box_20x40_32x16_20260924_203741,20.0,40.0,1.25,8 rows x 4 cols,Div MomX Flux (div T_x),0.3312545418739319,6.587386348104126e-16,0.39981406927108765,2.353984816791453e-15
run_tiled_box_20x40_32x16_20260924_203741,20.0,40.0,1.25,8 rows x 4 cols,Div MomY Flux (div T_y),0.43699926137924194,1.0247026607429813e-15,-0.48728007078170776,1.6439305437562107e-15
run_tiled_box_20x40_32x16_20260924_203741,20.0,40.0,1.25,8 rows x 4 cols,Mean Cooling Rate Profile vs y,0.9518456402729311,9.82910291625211e-27,0.863028196690478,1.00184334632146e-26
run_tiled_box_20x40_64x32_20260929_120849,20.0,40.0,0.625,32 rows x 16 cols,Density,0.9912552562784924,0.1339189864315079,0.9785661012870885,0.19623348155735107
run_tiled_box_20x40_64x32_20260929_120849,20.0,40.0,0.625,32 rows x 16 cols,Temperature,0.9915467707951335,0.13229748508005207,0.9813654086291568,0.1931812432868422
run_tiled_box_20x40_64x32_20260929_120849,20.0,40.0,0.625,32 rows x 16 cols,Pressure,0.8762583417204286,47.54927268686656,0.6206541069959077,107.54321840689221
run_tiled_box_20x40_64x32_20260929_120849,20.0,40.0,0.625,32 rows x 16 cols,Ux Velocity,0.9789040610079298,3.320451145533241,0.9903905485552937,1.9140540917363609
run_tiled_box_20x40_64x32_20260929_120849,20.0,40.0,0.625,32 rows x 16 cols,Uy Velocity,0.9971519532450411,6.913919439368519,0.9975679112581604,1.044978989166428
run_tiled_box_20x40_64x32_20260929_120849,20.0,40.0,0.625,32 rows x 16 cols,Conserved Density,0.9880537649529134,0.014745663863148847,0.961422936116222,0.0231784062285668
run_tiled_box_20x40_64x32_20260929_120849,20.0,40.0,0.625,32 rows x 16 cols,Conserved MomX,0.9115169038447895,0.0027664009168802076,0.9117739876088274,0.0030136629578990984
run_tiled_box_20x40_64x32_20260929_120849,20.0,40.0,0.625,32 rows x 16 cols,Conserved MomY,0.2962056127243116,0.0006632081871673944,0.6178944898272843,0.0010803830772055233
run_tiled_box_20x40_64x32_20260929_120849,20.0,40.0,0.625,32 rows x 16 cols,Conserved Energy,0.23950841058713154,1.0523960103050548e-14,0.2846708889138335,2.032050980834056e-14
run_tiled_box_20x40_64x32_20260929_120849,20.0,40.0,0.625,32 rows x 16 cols,Passive Scalar,0.9891299847268045,0.00828864690350515,0.960562880442629,0.014345730643310559
run_tiled_box_20x40_64x32_20260929_120849,20.0,40.0,0.625,32 rows x 16 cols,fmcl (T < 1e5),0.9908228552750133,0.0666210500220953,0.9829997037354035,0.08433692232773372
run_tiled_box_20x40_64x32_20260929_120849,20.0,40.0,0.625,32 rows x 16 cols,rho u_x u_y (Avg over X),0.7444490249074311,4.9136486822253245e-15,0.8145623492337081,3.2385541852430206e-15
run_tiled_box_20x40_64x32_20260929_120849,20.0,40.0,0.625,32 rows x 16 cols,p + rho u_y^2 (Avg over X),-0.6246073051998811,5.190550900480609e-15,-0.286841789225984,4.0522423122985775e-15
run_tiled_box_20x40_64x32_20260929_120849,20.0,40.0,0.625,32 rows x 16 cols,Momentum Flux T_{xx} = rho u_x^2 + p,0.3695759093495083,2.2097816052841164e-14,0.1591123409363285,3.15555258358787e-14
run_tiled_box_20x40_64x32_20260929_120849,20.0,40.0,0.625,32 rows x 16 cols,Energy Flux (E+p)u_x,0.9775286788531437,1.9780007300907258e-07,0.9874756881350165,1.2504346904099727e-07
run_tiled_box_20x40_64x32_20260929_120849,20.0,40.0,0.625,32 rows x 16 cols,Energy Flux (E+p)u_y,0.9974490433240127,3.9521605365718215e-07,0.997956730661128,5.4878860662667676e-08
run_tiled_box_20x40_64x32_20260929_120849,20.0,40.0,0.625,32 rows x 16 cols,Div Mass Flux (div j),0.21671908810354323,0.0001055607005922452,0.012161307183270784,0.0001884199148641047
run_tiled_box_20x40_64x32_20260929_120849,20.0,40.0,0.625,32 rows x 16 cols,Div MomX Flux (div T_x),-0.3266238855073167,8.099655841940876e-16,0.03251951726828044,1.1250078501127658e-15
run_tiled_box_20x40_64x32_20260929_120849,20.0,40.0,0.625,32 rows x 16 cols,Div MomY Flux (div T_y),-0.28231337519412913,7.818562322405602e-16,-0.3703266998668161,9.234757942316796e-16
run_tiled_box_20x40_64x32_20260929_120849,20.0,40.0,0.625,32 rows x 16 cols,Mean Cooling Rate Profile vs y,0.9369702147884957,9.43615723549659e-27,0.902171188315794,7.28705475098614e-27
run_tiled_box_30x60_48x24_20260924_215111,30.0,60.0,1.25,16 rows x 8 cols,Density,0.9934060573577881,0.11731527745723724,0.9964755773544312,0.07860824465751648
run_tiled_box_30x60_48x24_20260924_215111,30.0,60.0,1.25,16 rows x 8 cols,Temperature,0.9913221001625061,0.1447223275899887,0.9967880249023438,0.076119564473629
run_tiled_box_30x60_48x24_20260924_215111,30.0,60.0,1.25,16 rows x 8 cols,Pressure,0.7587999105453491,104.22850036621094,0.9626269340515137,46.02907180786133
run_tiled_box_30x60_48x24_20260924_215111,30.0,60.0,1.25,16 rows x 8 cols,Ux Velocity,0.9943811893463135,1.7584439516067505,0.9979968070983887,1.0275408029556274
run_tiled_box_30x60_48x24_20260924_215111,30.0,60.0,1.25,16 rows x 8 cols,Uy Velocity,0.9968833923339844,8.85037899017334,0.9961696267127991,1.324687123298645
run_tiled_box_30x60_48x24_20260924_215111,30.0,60.0,1.25,16 rows x 8 cols,Conserved Density,0.9934958219528198,0.010805740021169186,0.9902371168136597,0.011401839554309845
run_tiled_box_30x60_48x24_20260924_215111,30.0,60.0,1.25,16 rows x 8 cols,Conserved MomX,0.9558260440826416,0.0015476312255486846,0.9855362772941589,0.000886275025550276
run_tiled_box_30x60_48x24_20260924_215111,30.0,60.0,1.25,16 rows x 8 cols,Conserved MomY,0.4230315089225769,0.00108200847171247,0.8183421492576599,0.00040470578824169934
run_tiled_box_30x60_48x24_20260924_215111,30.0,60.0,1.25,16 rows x 8 cols,Conserved Energy,0.6718000173568726,1.3099361988188913e-14,0.9470574259757996,8.285586504549157e-15
run_tiled_box_30x60_48x24_20260924_215111,30.0,60.0,1.25,16 rows x 8 cols,Passive Scalar,0.9941767454147339,0.005967685487121344,0.9898809194564819,0.007123570889234543
run_tiled_box_30x60_48x24_20260924_215111,30.0,60.0,1.25,16 rows x 8 cols,fmcl (T < 1e5),0.9898121175093617,0.07164243942062719,0.9965245375885828,0.04160902792800233
run_tiled_box_30x60_48x24_20260924_215111,30.0,60.0,1.25,16 rows x 8 cols,rho u_x u_y (Avg over X),0.38045814633369446,6.731951472915268e-15,0.9267916083335876,2.6737918469062075e-15
run_tiled_box_30x60_48x24_20260924_215111,30.0,60.0,1.25,16 rows x 8 cols,p + rho u_y^2 (Avg over X),0.3713275194168091,7.598129482359883e-15,0.1582145243883133,1.1495682979481819e-14
run_tiled_box_30x60_48x24_20260924_215111,30.0,60.0,1.25,16 rows x 8 cols,Momentum Flux T_{xx} = rho u_x^2 + p,0.6421633958816528,9.49600336243913e-15,0.9382367134094238,6.640308437252983e-15
run_tiled_box_30x60_48x24_20260924_215111,30.0,60.0,1.25,16 rows x 8 cols,Energy Flux (E+p)u_x,0.9955498576164246,9.420521251968239e-08,0.9979152679443359,5.949942405436559e-08
run_tiled_box_30x60_48x24_20260924_215111,30.0,60.0,1.25,16 rows x 8 cols,Energy Flux (E+p)u_y,0.9956390261650085,5.068500286142807e-07,0.9957345724105835,8.064233725235681e-08
run_tiled_box_30x60_48x24_20260924_215111,30.0,60.0,1.25,16 rows x 8 cols,Div Mass Flux (div j),0.045259326696395874,0.00012285655247978866,0.3635234832763672,0.00013986638805363327
run_tiled_box_30x60_48x24_20260924_215111,30.0,60.0,1.25,16 rows x 8 cols,Div MomX Flux (div T_x),-0.4196077585220337,1.0086980790837297e-15,0.32813701033592224,7.729998853841103e-16
run_tiled_box_30x60_48x24_20260924_215111,30.0,60.0,1.25,16 rows x 8 cols,Div MomY Flux (div T_y),0.32528868317604065,9.21728865345276e-16,-0.1471792757511139,1.1659472046426488e-15
run_tiled_box_30x60_48x24_20260924_215111,30.0,60.0,1.25,16 rows x 8 cols,Mean Cooling Rate Profile vs y,0.9496204274194844,7.330413433436784e-27,0.9614120827165131,3.4765843095166694e-27
run_tiled_box_30x60_96x48_20260929_120032,30.0,60.0,0.625,32 rows x 16 cols,Density,0.9977652259878926,0.07508676126955001,0.9993283559873782,0.03434839311493384
run_tiled_box_30x60_96x48_20260929_120032,30.0,60.0,0.625,32 rows x 16 cols,Temperature,0.9966231688270737,0.09421909798384474,0.9992791808933371,0.04144051088968784
run_tiled_box_30x60_96x48_20260929_120032,30.0,60.0,0.625,32 rows x 16 cols,Pressure,0.7067831960302318,109.71135873197312,0.9465196695941285,61.64047093240717
run_tiled_box_30x60_96x48_20260929_120032,30.0,60.0,0.625,32 rows x 16 cols,Ux Velocity,0.9864654177535097,2.858959267720458,0.9957022077321113,1.3893428925244602
run_tiled_box_30x60_96x48_20260929_120032,30.0,60.0,0.625,32 rows x 16 cols,Uy Velocity,0.993759495495832,9.639633504910462,0.9996511987921937,0.7725062831963415
run_tiled_box_30x60_96x48_20260929_120032,30.0,60.0,0.625,32 rows x 16 cols,Conserved Density,0.997710092106056,0.008095648980613775,0.9985405338382722,0.004577757782085713
run_tiled_box_30x60_96x48_20260929_120032,30.0,60.0,0.625,32 rows x 16 cols,Conserved MomX,0.959519302396925,0.0014831349401993343,0.9914809078387445,0.0008158613122154322
run_tiled_box_30x60_96x48_20260929_120032,30.0,60.0,0.625,32 rows x 16 cols,Conserved MomY,0.46965951275173556,0.001109800974664173,0.9048125383979253,0.0002540662960121781
run_tiled_box_30x60_96x48_20260929_120032,30.0,60.0,0.625,32 rows x 16 cols,Conserved Energy,0.5463349381990354,1.2507933497150658e-14,0.8529569590340866,9.026253792717318e-15
run_tiled_box_30x60_96x48_20260929_120032,30.0,60.0,0.625,32 rows x 16 cols,Passive Scalar,0.9971715716042291,0.004642268699788441,0.9989040077199053,0.002430548618457286
run_tiled_box_30x60_96x48_20260929_120032,30.0,60.0,0.625,32 rows x 16 cols,fmcl (T < 1e5),0.9964512352583873,0.0433694544066443,0.9985424029861085,0.029858667927294642
run_tiled_box_30x60_96x48_20260929_120032,30.0,60.0,0.625,32 rows x 16 cols,rho u_x u_y (Avg over X),0.18026382903744798,7.558055541565046e-15,0.9856459252939349,9.824874547752833e-16
run_tiled_box_30x60_96x48_20260929_120032,30.0,60.0,0.625,32 rows x 16 cols,p + rho u_y^2 (Avg over X),0.2231307877187111,6.673085380702087e-15,0.7169390264884391,3.752508985921657e-15
run_tiled_box_30x60_96x48_20260929_120032,30.0,60.0,0.625,32 rows x 16 cols,Momentum Flux T_{xx} = rho u_x^2 + p,0.5920817835648348,9.128119024570825e-15,0.8714766441395216,6.9798471509484464e-15
run_tiled_box_30x60_96x48_20260929_120032,30.0,60.0,0.625,32 rows x 16 cols,Energy Flux (E+p)u_x,0.9876595733553543,1.61716280996178e-07,0.9959609315116205,7.655178580727919e-08
run_tiled_box_30x60_96x48_20260929_120032,30.0,60.0,0.625,32 rows x 16 cols,Energy Flux (E+p)u_y,0.9943655719727913,5.513857982005587e-07,0.9993534711839858,4.496892490658548e-08
run_tiled_box_30x60_96x48_20260929_120032,30.0,60.0,0.625,32 rows x 16 cols,Div Mass Flux (div j),-0.15789053927742536,0.00011101821320072959,0.2294151140979693,8.792977529025131e-05
run_tiled_box_30x60_96x48_20260929_120032,30.0,60.0,0.625,32 rows x 16 cols,Div MomX Flux (div T_x),-0.4537004651060391,8.358057154610579e-16,0.3254957118489941,7.997155548860131e-16
run_tiled_box_30x60_96x48_20260929_120032,30.0,60.0,0.625,32 rows x 16 cols,Div MomY Flux (div T_y),-0.22874146999262607,7.90509521098705e-16,0.5792434461466597,4.999514741200378e-16
run_tiled_box_30x60_96x48_20260929_120032,30.0,60.0,0.625,32 rows x 16 cols,Mean Cooling Rate Profile vs y,0.938655303879396,7.977450483019924e-27,0.9741126928833286,2.866170942988598e-27
run_tiled_box_40x80_128x64_20260929_114845,40.0,80.0,0.625,32 rows x 16 cols,Density,0.998750440703921,0.048451511226834144,0.9965406368149217,0.08035175654900813
run_tiled_box_40x80_128x64_20260929_114845,40.0,80.0,0.625,32 rows x 16 cols,Temperature,0.9988122640335755,0.04780979501251197,0.9963999634775007,0.08340684812721352
run_tiled_box_40x80_128x64_20260929_114845,40.0,80.0,0.625,32 rows x 16 cols,Pressure,0.9058198296352342,78.8481802406027,0.9642838178626796,66.37517564621508
run_tiled_box_40x80_128x64_20260929_114845,40.0,80.0,0.625,32 rows x 16 cols,Ux Velocity,0.9981284366668248,0.9893855225745236,0.9898190538434395,2.108172860560035
run_tiled_box_40x80_128x64_20260929_114845,40.0,80.0,0.625,32 rows x 16 cols,Uy Velocity,0.9962064150407071,9.690167318061764,0.9991279591767117,0.7224451275561998
run_tiled_box_40x80_128x64_20260929_114845,40.0,80.0,0.625,32 rows x 16 cols,Conserved Density,0.9978692762997101,0.005716730225947509,0.9954793311658112,0.007594305179187731
run_tiled_box_40x80_128x64_20260929_114845,40.0,80.0,0.625,32 rows x 16 cols,Conserved MomX,0.9795828070499514,0.0009397229806626889,0.9796307671614198,0.0010415595972094259
run_tiled_box_40x80_128x64_20260929_114845,40.0,80.0,0.625,32 rows x 16 cols,Conserved MomY,0.12739815308920424,0.0009586289526967347,0.2473185647406323,0.0005286886732757505
run_tiled_box_40x80_128x64_20260929_114845,40.0,80.0,0.625,32 rows x 16 cols,Conserved Energy,0.8528170516414079,8.043278990404242e-15,0.7634303517698315,1.0527649213979979e-14
run_tiled_box_40x80_128x64_20260929_114845,40.0,80.0,0.625,32 rows x 16 cols,Passive Scalar,0.9978893259989422,0.0033830602022527894,0.9969055862688174,0.003856838981515795
run_tiled_box_40x80_128x64_20260929_114845,40.0,80.0,0.625,32 rows x 16 cols,fmcl (T < 1e5),0.9985954592619843,0.02484783693277841,0.9962153861478398,0.043330387547901195
run_tiled_box_40x80_128x64_20260929_114845,40.0,80.0,0.625,32 rows x 16 cols,rho u_x u_y (Avg over X),0.8713631903480263,5.275576744911308e-15,0.9656520814410318,1.604959223080352e-15
run_tiled_box_40x80_128x64_20260929_114845,40.0,80.0,0.625,32 rows x 16 cols,p + rho u_y^2 (Avg over X),0.43537685295628875,5.416207660182012e-15,0.45083675997913575,3.031431910051537e-15
run_tiled_box_40x80_128x64_20260929_114845,40.0,80.0,0.625,32 rows x 16 cols,Momentum Flux T_{xx} = rho u_x^2 + p,0.8918189223917801,4.621966496085732e-15,0.37333551446836877,1.0426251856798178e-14
run_tiled_box_40x80_128x64_20260929_114845,40.0,80.0,0.625,32 rows x 16 cols,Energy Flux (E+p)u_x,0.9982831239080403,5.510223375538748e-08,0.9894478904746195,1.239104857759017e-07
run_tiled_box_40x80_128x64_20260929_114845,40.0,80.0,0.625,32 rows x 16 cols,Energy Flux (E+p)u_y,0.9977890964197252,5.421675293953317e-07,0.9983135506253591,4.478812802573352e-08
run_tiled_box_40x80_128x64_20260929_114845,40.0,80.0,0.625,32 rows x 16 cols,Div Mass Flux (div j),0.49631629149923273,7.96565654014026e-05,0.08145676644376663,0.00010789782027626609
run_tiled_box_40x80_128x64_20260929_114845,40.0,80.0,0.625,32 rows x 16 cols,Div MomX Flux (div T_x),0.26132047822869997,5.113471331992331e-16,0.37709692875757944,5.882796850136391e-16
run_tiled_box_40x80_128x64_20260929_114845,40.0,80.0,0.625,32 rows x 16 cols,Div MomY Flux (div T_y),0.038448470382627775,5.074503429491557e-16,0.280861027243519,4.2709373554201787e-16
run_tiled_box_40x80_128x64_20260929_114845,40.0,80.0,0.625,32 rows x 16 cols,Mean Cooling Rate Profile vs y,0.9443468601356412,5.676720902574651e-27,0.929335871642451,4.0651537104844935e-27
run_tiled_box_40x80_64x32_20260924_233732,40.0,80.0,1.25,16 rows x 8 cols,Density,0.9989686608314514,0.04558207467198372,0.9943705797195435,0.10543981194496155
run_tiled_box_40x80_64x32_20260924_233732,40.0,80.0,1.25,16 rows x 8 cols,Temperature,0.9980944395065308,0.06983907520771027,0.9937775731086731,0.11195836216211319
run_tiled_box_40x80_64x32_20260924_233732,40.0,80.0,1.25,16 rows x 8 cols,Pressure,0.7477957010269165,109.39541625976562,0.8988808393478394,74.48871612548828
run_tiled_box_40x80_64x32_20260924_233732,40.0,80.0,1.25,16 rows x 8 cols,Ux Velocity,0.9968083500862122,1.1927250623703003,0.986990213394165,2.4323177337646484
run_tiled_box_40x80_64x32_20260924_233732,40.0,80.0,1.25,16 rows x 8 cols,Uy Velocity,0.999136209487915,9.780592918395996,0.9965079426765442,1.0733994245529175
run_tiled_box_40x80_64x32_20260924_233732,40.0,80.0,1.25,16 rows x 8 cols,Conserved Density,0.9981049299240112,0.005154375918209553,0.9952126145362854,0.007903633639216423
run_tiled_box_40x80_64x32_20260924_233732,40.0,80.0,1.25,16 rows x 8 cols,Conserved MomX,0.9697727560997009,0.0011349576525390148,0.986678957939148,0.0008019839879125357
run_tiled_box_40x80_64x32_20260924_233732,40.0,80.0,1.25,16 rows x 8 cols,Conserved MomY,0.631816029548645,0.0007387212826870382,0.5046265721321106,0.00044782127952203155
run_tiled_box_40x80_64x32_20260924_233732,40.0,80.0,1.25,16 rows x 8 cols,Conserved Energy,0.6064671277999878,1.3643023309120508e-14,0.7305264472961426,1.2778854885343253e-14
run_tiled_box_40x80_64x32_20260924_233732,40.0,80.0,1.25,16 rows x 8 cols,Passive Scalar,0.9979162812232971,0.0032566264271736145,0.9967063069343567,0.003999087959527969
run_tiled_box_40x80_64x32_20260924_233732,40.0,80.0,1.25,16 rows x 8 cols,fmcl (T < 1e5),0.9978310958644911,0.033295784532714055,0.9935844901407191,0.057516273779128956
run_tiled_box_40x80_64x32_20260924_233732,40.0,80.0,1.25,16 rows x 8 cols,rho u_x u_y (Avg over X),0.9082005023956299,5.407393960767462e-15,0.9431569576263428,2.5041123010880947e-15
run_tiled_box_40x80_64x32_20260924_233732,40.0,80.0,1.25,16 rows x 8 cols,p + rho u_y^2 (Avg over X),0.05867791175842285,7.769795955714018e-15,-0.4449721574783325,8.002922292687977e-15
run_tiled_box_40x80_64x32_20260924_233732,40.0,80.0,1.25,16 rows x 8 cols,Momentum Flux T_{xx} = rho u_x^2 + p,0.7475663423538208,7.538937125939858e-15,0.6132175922393799,8.97973169888995e-15
run_tiled_box_40x80_64x32_20260924_233732,40.0,80.0,1.25,16 rows x 8 cols,Energy Flux (E+p)u_x,0.9969720840454102,6.607142211123573e-08,0.986650824546814,1.417863870756264e-07
run_tiled_box_40x80_64x32_20260924_233732,40.0,80.0,1.25,16 rows x 8 cols,Energy Flux (E+p)u_y,0.9973997473716736,5.510354412763263e-07,0.9945905208587646,7.799705770139553e-08
run_tiled_box_40x80_64x32_20260924_233732,40.0,80.0,1.25,16 rows x 8 cols,Div Mass Flux (div j),0.6635069251060486,6.962095358176157e-05,0.25561898946762085,0.0001004060177365318
run_tiled_box_40x80_64x32_20260924_233732,40.0,80.0,1.25,16 rows x 8 cols,Div MomX Flux (div T_x),0.5427219867706299,4.3199768217910947e-16,0.5472303628921509,6.315474478354511e-16
run_tiled_box_40x80_64x32_20260924_233732,40.0,80.0,1.25,16 rows x 8 cols,Div MomY Flux (div T_y),-0.14560338854789734,8.20864711381826e-16,-0.4709167778491974,1.0071011043408002e-15
run_tiled_box_40x80_64x32_20260924_233732,40.0,80.0,1.25,16 rows x 8 cols,Mean Cooling Rate Profile vs y,0.9800392389297485,0.0,0.9343368364301387,3.9726444836422094e-27
