t_myr,sigma_c_hr,sigma_c_sg,sigma_c_lr
5.0,9.35919143595377e-07,7.973427455747952e-07,5.277545444587703e-06
5.01,9.229936726579125e-07,9.775420742999557e-07,1.8459796567209132e-06
5.02,9.058884278569432e-07,9.872581291774783e-07,1.2859364677537364e-06
5.03,8.904166877957277e-07,9.636096090859823e-07,1.147552479446253e-06
5.04,9.026808969767799e-07,9.479866087531716e-07,1.1333339982671187e-06
5.05,8.946000879542501e-07,9.371547916218326e-07,1.15486559279845e-06
5.06,9.001921052579188e-07,9.196203392742047e-07,1.1350653323905285e-06
5.07,8.580981911652428e-07,8.971725042493895e-07,1.1689501686014404e-06
5.08,8.44473898970671e-07,9.155060632332954e-07,1.1680783556043813e-06
5.09,8.3945950119167e-07,9.519580900762105e-07,1.1514570951694905e-06
5.1,8.631246804225665e-07,9.663076417015921e-07,1.1837165763153112e-06
5.11,8.822952594008412e-07,9.718027223086386e-07,1.2119200193877906e-06
5.12,9.04413214394696e-07,1.0175478106551059e-06,1.1237632387174172e-06
5.13,8.909882353776907e-07,1.022888234671382e-06,1.1405843825560219e-06
5.14,8.874042461073521e-07,1.028645757572826e-06,1.0325723881546577e-06
5.15,8.97237036721585e-07,1.0337807730792914e-06,9.912702351822568e-07
5.16,8.987613560646114e-07,1.0088363491211638e-06,1.0855165554748552e-06
5.17,9.112228628036595e-07,1.0147126393815121e-06,1.163089740345038e-06
5.18,9.397543815621286e-07,1.0058652643466645e-06,1.099445984626248e-06
5.19,9.270530642009131e-07,9.81035101374067e-07,1.0778190020012921e-06
5.2,9.700332954893915e-07,9.842806240130475e-07,1.122466941873168e-06
5.21,9.574287650149563e-07,9.630338720493115e-07,1.1229928979016886e-06
5.22,9.526288987116394e-07,9.303261075489467e-07,1.1689299890071811e-06
5.23,9.424957590802717e-07,9.052563278876021e-07,1.113980622319159e-06
5.24,9.470095106845516e-07,8.728222157130693e-07,1.05461474824068e-06
5.25,9.353116511822636e-07,8.393300477527267e-07,1.1791338981493912e-06
5.26,9.471312312798034e-07,8.314267101849066e-07,1.1757033063195656e-06
5.27,9.489096445887281e-07,8.519074099963089e-07,1.1666601681112945e-06
5.28,8.799990271003932e-07,8.541400828225038e-07,1.2471950914109196e-06
5.29,8.599773787510702e-07,8.446929252783956e-07,1.2035072419533319e-06
5.3,8.298228614424623e-07,8.124189780715461e-07,1.1045699400258595e-06
5.31,8.082840443631752e-07,7.882993929934782e-07,1.1028217021156437e-06
5.32,8.085327299134824e-07,7.82500865719175e-07,1.0952393012349535e-06
5.33,7.825522547741767e-07,7.901101875453397e-07,1.06022529524746e-06
5.34,7.987836870889877e-07,7.836328487013421e-07,1.054025859084641e-06
5.35,8.072697018762988e-07,7.631900223188286e-07,1.119014942561398e-06
5.36,8.258980930886806e-07,7.5007736594123e-07,1.1241164052538681e-06
5.37,8.051418093340019e-07,7.444300036433685e-07,1.1434473374429462e-06
5.38,8.175353583931954e-07,7.387183553031335e-07,1.2053013595212337e-06
5.39,8.737969104861983e-07,7.374474929751414e-07,1.2170503993173971e-06
5.4,9.188634450871698e-07,7.37643502799611e-07,1.2069376107945134e-06
5.41,9.1390078922793e-07,7.363179767488793e-07,1.263405647972178e-06
5.42,9.434563476452901e-07,7.186637180201691e-07,1.2672723701265038e-06
5.43,9.83226841686816e-07,7.17696320641626e-07,1.3174345345638304e-06
5.44,1.020230906104236e-06,7.128020227115208e-07,1.4263081370048302e-06
5.45,1.0575103570169964e-06,7.191932256727181e-07,1.7401378632406102e-06
5.46,1.0748793362392375e-06,7.300203663742728e-07,1.8333344861511903e-06
5.47,1.0824767652676477e-06,7.432503900604187e-07,1.70598170251801e-06
5.48,1.1313960251752435e-06,7.836406639250126e-07,1.4962692965577896e-06
5.49,1.1204304866559056e-06,7.898345663921448e-07,1.4912364415643886e-06
5.5,1.127604791878814e-06,8.077981612976239e-07,1.4685720281435574e-06
5.51,1.153131832163104e-06,8.16107179436094e-07,1.3805220373929807e-06
5.52,1.2140095241266994e-06,8.375504540400198e-07,1.3257005834643932e-06
5.53,1.2219327379736122e-06,8.467029319585786e-07,1.5762557960093267e-06
5.54,1.2520315545390502e-06,8.543378340505376e-07,1.8412305642642357e-06
5.55,1.2788478625022106e-06,8.608299139212128e-07,1.9254058394118714e-06
5.5600000000000005,1.306292448244444e-06,8.765902912904187e-07,1.6531416672252338e-06
5.57,1.3354682327679598e-06,8.875669901650462e-07,1.5502263143896696e-06
5.58,1.3813487196889432e-06,8.924251307531972e-07,1.6422870629316064e-06
5.59,1.3571204991466132e-06,8.963591379125639e-07,1.7244190662450385e-06
5.6,1.3686464306377893e-06,9.049452056591092e-07,1.557860538167855e-06
5.61,1.3813667328723834e-06,9.036379960358226e-07,1.6955360481825828e-06
5.62,1.3881954663013086e-06,8.94863492419477e-07,1.5761538730298123e-06
5.63,1.3858368811171048e-06,8.99000758453294e-07,1.4557883701075436e-06
5.64,1.3934427653685202e-06,8.942338320699202e-07,1.4282213993125435e-06
5.65,1.38914911339255e-06,8.793645080837845e-07,1.7367566730081818e-06
5.66,1.3732181674589229e-06,8.479926834715315e-07,1.5187039907620286e-06
5.67,1.3728460201659137e-06,8.155742993513703e-07,1.4388894357320366e-06
5.68,1.37729233082015e-06,7.86496071163234e-07,1.280619744867008e-06
5.69,1.389072239677451e-06,7.686170931579523e-07,1.3387497949909267e-06
5.7,1.3356237629856499e-06,7.548715479120485e-07,1.3619548350758584e-06
5.71,1.299777776110304e-06,7.359225272882629e-07,1.507510087163938e-06
5.72,1.284702895423515e-06,7.313906513760192e-07,1.5701259449967432e-06
5.73,1.2557440814343577e-06,7.089212256110227e-07,1.5432338892154944e-06
5.74,1.2647374873336203e-06,6.938890466806386e-07,1.4330916576705318e-06
5.75,1.2808011240113821e-06,6.874608573739273e-07,1.547183507415667e-06
5.76,1.3003761095867094e-06,6.747622965258987e-07,1.4808515086392534e-06
5.77,1.3236784536974626e-06,6.660201998056701e-07,1.4201985189261654e-06
5.78,1.2472274470034718e-06,6.529988416534504e-07,1.2624107558064456e-06
5.79,1.2219551026285832e-06,6.495409791916859e-07,1.0981804625476671e-06
5.8,1.2289990706371623e-06,6.42169160982309e-07,1.066063402385487e-06
5.8100000000000005,1.2506255004720717e-06,6.365620610054312e-07,1.1137274989169257e-06
5.82,1.3249928151969632e-06,6.292418197838905e-07,9.867612166271702e-07
5.83,1.3165640358968968e-06,6.204903949602757e-07,8.728719486350555e-07
5.84,1.2723939928410145e-06,6.081577047094429e-07,7.356552454987016e-07
5.85,1.294429720685624e-06,5.86250213396604e-07,8.097388580473361e-07
5.86,1.3245703301466599e-06,5.619025378970542e-07,7.215740504958084e-07
5.87,1.3414014781589466e-06,5.493128585842749e-07,8.000234464767902e-07
5.88,1.296114534378307e-06,5.44935528003049e-07,7.491686580626096e-07
5.89,1.2713069998261645e-06,5.433488548322615e-07,8.911716960322486e-07
5.9,1.2682879473747782e-06,5.22149780470559e-07,9.420870496888475e-07
5.91,1.3290251768507685e-06,5.090724737909484e-07,8.519616216811046e-07
5.92,1.3530515941336666e-06,4.903180708879139e-07,9.382203425923281e-07
5.93,1.2959790740911467e-06,4.731400359805413e-07,8.624286357738041e-07
5.94,1.213698435110497e-06,4.536634993678437e-07,8.367710914621169e-07
5.95,1.197779745309843e-06,4.489310881603066e-07,8.260056736386777e-07
5.96,1.183531871716271e-06,4.492649913624619e-07,9.294382217774971e-07
5.97,1.161907023488277e-06,4.546914421415179e-07,9.437755283124074e-07
5.98,1.125370422812346e-06,4.514555753176678e-07,9.151277477881498e-07
5.99,1.097396518815299e-06,4.41576487334674e-07,8.372179792756173e-07
6.0,1.1122705989493456e-06,4.2818376122103303e-07,8.969114972261138e-07
6.01,1.089782807653572e-06,4.2534847077278367e-07,9.64846309766222e-07
6.02,1.071909981166463e-06,4.2989841899040893e-07,1.0018017207975766e-06
6.03,1.0505600012475797e-06,4.441843894136207e-07,9.494536151620381e-07
6.04,1.0163814121921886e-06,4.677575516407308e-07,1.0407378032592265e-06
6.05,1.0622415899735347e-06,5.006177881839125e-07,9.569183254611482e-07
6.0600000000000005,1.0360578071844728e-06,5.083151771607177e-07,1.0654163331337322e-06
6.07,1.0268339440701832e-06,5.100785063438928e-07,1.0477150751570152e-06
6.08,1.1034497199387657e-06,5.105781063726907e-07,1.0867648215122566e-06
6.09,1.1101489690896155e-06,5.314904320816401e-07,1.1800614885496102e-06
6.1,1.1291774719462798e-06,5.536146750718395e-07,1.2070985005661718e-06
6.11,1.209524806252279e-06,5.580226222741823e-07,1.2126967292532372e-06
6.12,1.1460793106500294e-06,5.495929435083068e-07,1.1997519744034598e-06
6.13,1.1845896974958767e-06,5.353937883258151e-07,1.2369009182172912e-06
6.140000000000001,1.2095144243104158e-06,5.266631394940252e-07,1.1779244040606704e-06
6.15,1.2364953827794358e-06,5.254709231651207e-07,1.196030270795309e-06
6.16,1.2652023511586268e-06,5.268922044253245e-07,1.1567659823216992e-06
6.17,1.3023249175119703e-06,5.266427295216234e-07,1.1120895459887996e-06
6.18,1.3008000090067841e-06,5.22026346172276e-07,1.0937195510361097e-06
6.1899999999999995,1.3274060186047235e-06,5.221554027459799e-07,1.1698190217892321e-06
6.2,1.3341308434431817e-06,5.223978080698253e-07,1.1411124139109098e-06
6.21,1.3633441819475878e-06,5.22778309277866e-07,1.2676575265952603e-06
6.22,1.4415788978395798e-06,5.238280731086202e-07,1.1697756103697255e-06
6.23,1.4074777026828912e-06,5.26438085476365e-07,1.1731480827062954e-06
6.24,1.4136144159685244e-06,5.297309906598505e-07,1.0592194992002863e-06
6.25,1.3854988127188487e-06,5.34493492473975e-07,9.89301294462249e-07
6.26,1.3904483607776787e-06,5.427458530591793e-07,9.21958371451388e-07
6.27,1.4084356362211874e-06,5.53646381823789e-07,9.670625653711813e-07
6.28,1.3611798278495029e-06,5.658746351785551e-07,1.0416882965524228e-06
6.29,1.3866908023020156e-06,5.721370897045465e-07,1.0052737156746825e-06
6.3,1.4203009103510315e-06,5.684445878076835e-07,1.0576357999518948e-06
6.3100000000000005,1.496530195139062e-06,5.673007993915239e-07,1.0718235188002467e-06
6.32,1.5318433714153932e-06,5.741166659952557e-07,9.761229556021722e-07
6.33,1.490355292898054e-06,5.793649416173684e-07,1.086168561866386e-06
6.34,1.490952719367877e-06,5.936972970763838e-07,1.1280117480131636e-06
6.35,1.4917997542159631e-06,5.984839263553362e-07,1.0440772616590919e-06
6.36,1.4674188603013999e-06,5.99234790126908e-07,1.0516744048371186e-06
6.37,1.3723467364798773e-06,6.033638709705959e-07,1.0856690106562012e-06
6.38,1.3501379508577107e-06,6.097479681459996e-07,1.0661412257170746e-06
6.390000000000001,1.2714173873471174e-06,6.193805590586976e-07,1.0657681855537623e-06
6.4,1.241129053218378e-06,6.268508327355714e-07,1.1008146514297288e-06
6.41,1.2044129243133875e-06,6.374233126556848e-07,1.11330911405147e-06
6.42,1.2345940980593833e-06,6.411117450016934e-07,1.0167127841209632e-06
6.43,1.2176813989505248e-06,6.425758457330642e-07,9.173655043527328e-07
6.4399999999999995,1.215748489867295e-06,6.38570154727715e-07,1.0359430024736856e-06
6.45,1.1783108532693674e-06,6.338642079077646e-07,1.0303057359739937e-06
6.46,1.195624002331017e-06,6.330089124823888e-07,1.0441439118914321e-06
6.47,1.1832821023086927e-06,6.347903478849945e-07,1.033880479321051e-06
6.48,1.1278046359812443e-06,6.392676399514558e-07,9.435009755524449e-07
6.49,1.091498298261959e-06,6.375338113951527e-07,9.377210289076974e-07
6.5,1.143643438843598e-06,6.43344149253038e-07,1.1294865593712215e-06
6.51,1.1443709169215854e-06,6.43858914442474e-07,1.0945290472219926e-06
6.52,1.1809788652723756e-06,6.364286836058328e-07,1.0176998911128838e-06
6.53,1.1791347301767568e-06,6.169663542214137e-07,1.02889081553977e-06
6.54,1.1140955276563102e-06,5.978411464899251e-07,1.1064659799549029e-06
6.55,1.0918526603549058e-06,5.773880380945868e-07,1.1439892612802598e-06
6.5600000000000005,1.0968990632924548e-06,5.583898606411754e-07,1.244368017194706e-06
6.57,1.1093678280462367e-06,5.434579460994574e-07,1.38205852874585e-06
6.58,1.0919811514406261e-06,5.337168951621488e-07,1.249915826238545e-06
6.59,1.072815673366079e-06,5.339127804880594e-07,1.3259573180399184e-06
6.6,1.0947924477271646e-06,5.37621794258106e-07,1.3296561504650278e-06
6.61,1.0786850444182864e-06,5.505327590293608e-07,1.3812700824574652e-06
6.62,1.059858761546081e-06,5.512739670691793e-07,1.3790988502777249e-06
6.63,1.0721275862201945e-06,5.485294304301882e-07,1.3153167822397428e-06
6.640000000000001,1.085991481089002e-06,5.50215808716577e-07,1.2014103519517347e-06
6.65,1.1141147842338526e-06,5.456615362672411e-07,1.1498364178173972e-06
6.66,1.1226667114422828e-06,5.38881152335145e-07,1.1265555529140524e-06
6.67,1.0848235993292581e-06,5.311775792986402e-07,1.1551703053508884e-06
6.68,1.077090203306708e-06,5.206585826221927e-07,1.2208687449600457e-06
6.6899999999999995,1.0888455986917814e-06,5.127030274400541e-07,1.3068729244504527e-06
6.7,1.069876882527846e-06,5.088187860081193e-07,1.3858872440212875e-06
6.71,1.0784387100096447e-06,5.049444318523385e-07,1.4848518079876387e-06
6.72,1.07119766549475e-06,5.009856142883701e-07,1.477640759772541e-06
6.73,1.0152821421901947e-06,4.981551246572211e-07,1.4799114261084606e-06
6.74,1.0179342024299874e-06,4.995872956255426e-07,1.421471676808447e-06
6.75,1.0498775545511366e-06,5.091498148804966e-07,1.44553031245619e-06
6.76,1.1011131530965595e-06,5.132973627804345e-07,1.4301563435659794e-06
6.77,1.1087650999072585e-06,5.179092557852706e-07,1.3153177436330292e-06
6.78,1.0929513053395137e-06,5.257045525606536e-07,1.3132073255497364e-06
6.79,1.0821732036217216e-06,5.32567030478716e-07,1.2617542656009107e-06
6.8,1.1077711691176092e-06,5.444258974153344e-07,1.235398556090933e-06
6.8100000000000005,1.127056791222199e-06,5.43248212933649e-07,1.203187699189096e-06
6.82,1.162278332320345e-06,5.426833293238692e-07,1.1605272157343546e-06
6.83,1.1997932556654777e-06,5.504723579262677e-07,1.1176036641206565e-06
6.84,1.1762518715337253e-06,5.583518733139924e-07,1.0721721919136592e-06
6.85,1.1771041222889785e-06,5.630083546704174e-07,1.0990655608057464e-06
6.86,1.1756410968690522e-06,5.772993554406729e-07,1.110144065106893e-06
6.87,1.1960916061465667e-06,6.050642193105852e-07,1.1919274325009537e-06
6.88,1.214356937454883e-06,6.245023979031414e-07,1.1824542964954877e-06
6.890000000000001,1.1811100948528489e-06,6.415557172611719e-07,1.173171607870651e-06
6.9,1.231246212286827e-06,6.465862525729315e-07,1.2813770719528725e-06
6.91,1.2436017343518446e-06,6.516670401378642e-07,1.273391699562422e-06
6.92,1.280970874919313e-06,6.537981461966759e-07,1.268974550428183e-06
6.93,1.2995930297932972e-06,6.520882018942552e-07,1.2535565086062369e-06
6.9399999999999995,1.3114840107965503e-06,6.605392569221827e-07,1.2070221829579617e-06
6.95,1.3634526466859551e-06,6.714742630819745e-07,1.184373731726115e-06
6.96,1.3425636610005828e-06,6.846755248764646e-07,1.1370688754007814e-06
6.97,1.4106989407190379e-06,6.839807642545123e-07,1.1826766344397904e-06
6.98,1.4879842433141504e-06,6.848658427668645e-07,1.3120245346670206e-06
6.99,1.5261713826275773e-06,6.886479595420197e-07,1.3412450927436361e-06
7.0,1.5366419024062525e-06,6.891504502310739e-07,1.352039543914136e-06
7.01,1.5585955820302512e-06,6.908972866291697e-07,1.2928739928509e-06
7.02,1.561695618513881e-06,6.953295596437565e-07,1.263416048884428e-06
7.03,1.5657676221348144e-06,7.125947348861263e-07,1.3551571915099426e-06
7.04,1.5504781853769438e-06,7.227002113599441e-07,1.163513810963457e-06
7.05,1.526271291039222e-06,7.323007354094314e-07,1.0517572500353642e-06
7.0600000000000005,1.512523001162342e-06,7.473783176652378e-07,1.0837745363535508e-06
7.07,1.4863555706968113e-06,7.548285645626051e-07,1.010499000215754e-06
7.08,1.4751451859943989e-06,7.534321594831536e-07,1.0146599997245395e-06
7.09,1.4597272224681475e-06,7.521857116947814e-07,9.551090234619423e-07
7.1,1.445038424312246e-06,7.52723239250936e-07,1.013957659511332e-06
7.109999999999999,1.4561765247635198e-06,7.515464400757768e-07,1.098344861304368e-06
7.12,1.4572814882293911e-06,7.472573653726007e-07,1.2399280269118509e-06
7.13,1.4523452689371752e-06,7.450699922790695e-07,1.3197111969821167e-06
7.140000000000001,1.4954790568903311e-06,7.431977078753646e-07,1.3372863691315017e-06
7.15,1.4499265522659618e-06,7.496476766551529e-07,1.4006206824817725e-06
7.16,1.4298880845882288e-06,7.548035868094675e-07,1.3958819748769473e-06
7.17,1.4162845142386497e-06,7.613476132756461e-07,1.406139793955288e-06
7.18,1.4142856464788912e-06,7.653439728816228e-07,1.6361518004405492e-06
7.1899999999999995,1.411655267796652e-06,7.701983211818091e-07,1.4782428284461397e-06
7.2,1.3863303097747403e-06,7.701087143208796e-07,1.4390100252841897e-06
7.21,1.3414900029530617e-06,7.730515204710636e-07,1.575318964314493e-06
7.220000000000001,1.3528369679076512e-06,7.753718204870039e-07,1.671630643327251e-06
7.23,1.3690065344917745e-06,7.806190959195595e-07,1.60126615510921e-06
7.24,1.4364283476776392e-06,7.928624478234815e-07,1.478698966555159e-06
7.25,1.4221432298839599e-06,7.933645535292821e-07,1.468607039703379e-06
7.26,1.4286760242943971e-06,7.882364297427014e-07,1.417734720244601e-06
7.27,1.4733743226173491e-06,7.828790774331191e-07,1.284729046753044e-06
7.28,1.4123893375488142e-06,7.818914460385915e-07,1.1129374347079807e-06
7.29,1.3905289923730712e-06,7.775029580806516e-07,1.0039274176027642e-06
7.300000000000001,1.3515078860260339e-06,7.745470597183039e-07,9.713846881705582e-07
7.3100000000000005,1.3279262477078615e-06,7.684998665037584e-07,9.875270228892923e-07
7.32,1.3533794560002779e-06,7.663947048419342e-07,9.485642096631004e-07
7.33,1.3494422640315883e-06,7.642808314676064e-07,9.608444039148475e-07
7.34,1.3896867534111256e-06,7.630053135155404e-07,1.127725623036672e-06
7.35,1.4119895448116814e-06,7.669459165937097e-07,1.127161449000308e-06
7.359999999999999,1.4116727019789068e-06,7.695053891823085e-07,1.2731457930136115e-06
7.37,1.4394042568860963e-06,7.696544805663405e-07,1.4777877406851741e-06
7.38,1.4734612872210407e-06,7.690376761684293e-07,1.4959958854148333e-06
7.390000000000001,1.4342121118412468e-06,7.617038395833974e-07,1.6582920521203317e-06
7.4,1.4391989240402445e-06,7.537246953974324e-07,1.526791254757368e-06
7.41,1.4298472712550777e-06,7.502607251994172e-07,1.563195203030808e-06
7.42,1.3948613277818675e-06,7.435847287930497e-07,1.6931182461621285e-06
7.43,1.4256052584762868e-06,7.356773047336827e-07,1.5008404414627946e-06
7.4399999999999995,1.451023301388315e-06,7.250302996545252e-07,1.4182386364199039e-06
7.45,1.4744337116166965e-06,7.184008366886503e-07,1.3535201703860951e-06
7.46,1.467617740258629e-06,7.226953860191877e-07,1.4208987539967111e-06
7.470000000000001,1.4461279125486243e-06,7.459276123075525e-07,1.520611821380546e-06
7.48,1.4412451628818087e-06,7.694012134397071e-07,1.375952223010239e-06
7.49,1.4153441456227854e-06,7.705083875113219e-07,1.4283897548660076e-06
7.5,1.3942645249925917e-06,7.70909292032584e-07,1.316174861820023e-06
7.51,1.3729302262590508e-06,7.738510707833745e-07,1.2180705123995793e-06
7.52,1.3859180319196762e-06,7.759414147697242e-07,1.1988425870596187e-06
7.53,1.4094648935968015e-06,7.79821981316575e-07,1.1565245220064039e-06
7.54,1.4158271574512407e-06,7.867463714218969e-07,1.0735109028984956e-06
7.550000000000001,1.3838517003910293e-06,7.916871203020862e-07,1.0854517124061466e-06
7.5600000000000005,1.384529602371261e-06,7.871332423275031e-07,1.086949277913007e-06
7.57,1.3710626312741608e-06,7.755079826903204e-07,1.198622964672269e-06
7.58,1.3294898645240944e-06,7.567517450712714e-07,1.2696726322515446e-06
7.59,1.3159011935642673e-06,7.509161050495587e-07,1.0764325425229989e-06
7.6,1.2493716541269151e-06,7.562291430779276e-07,1.1386848177296347e-06
7.609999999999999,1.2507644920934865e-06,7.393304163432123e-07,1.1157819682680641e-06
7.62,1.2837740918046064e-06,7.498638338872454e-07,1.1826850528629537e-06
7.63,1.2687870844416796e-06,7.705036236665251e-07,1.1283862367569537e-06
7.640000000000001,1.2694911813626622e-06,7.784035096397949e-07,1.101520995712296e-06
7.65,1.2858017042687704e-06,7.85325461160741e-07,1.1727016234945614e-06
7.66,1.2889152358914231e-06,7.911494128575844e-07,1.2746985718384094e-06
7.67,1.3127378649677932e-06,7.982807121847607e-07,1.2120087643802734e-06
7.68,1.3280083476840656e-06,8.09512774604505e-07,1.1918058864404151e-06
7.6899999999999995,1.32816292504054e-06,8.234505568772513e-07,1.1909370627603117e-06
7.7,1.3507789022550657e-06,8.114281302299388e-07,1.2372989596700794e-06
7.71,1.3568539787391565e-06,8.015985967678012e-07,1.2541837526784803e-06
7.720000000000001,1.3305289529267053e-06,7.876926591943928e-07,1.2275228369245629e-06
7.73,1.3254712639700934e-06,7.848206120257057e-07,1.2994925370795512e-06
7.74,1.3632540358066286e-06,7.762165903955338e-07,1.313803772642575e-06
7.75,1.3214707615404778e-06,7.71369924266666e-07,1.350206446353697e-06
7.76,1.3000878160812412e-06,7.649041572871739e-07,1.3403197282354916e-06
7.77,1.325176623388782e-06,7.565570876347267e-07,1.3557394759752292e-06
7.78,1.2852402822448755e-06,7.457101811970693e-07,1.2678020446161273e-06
7.79,1.2606459477418886e-06,7.439827520927972e-07,1.3222892001023718e-06
7.800000000000001,1.2708015141298222e-06,7.54219440505218e-07,1.401120044578415e-06
7.8100000000000005,1.2486512349622764e-06,7.584830916557335e-07,1.3257403594561129e-06
7.82,1.2364527292379014e-06,7.533335122948315e-07,1.4355151813817653e-06
7.83,1.2260724332570233e-06,7.466828585765724e-07,1.3856488626027068e-06
7.84,1.2165842568152141e-06,7.436249578230205e-07,1.3647026160846779e-06
7.85,1.2259534935341036e-06,7.453543693527759e-07,1.4456327414075095e-06
7.859999999999999,1.178590850221871e-06,7.531067149343124e-07,1.444922277591817e-06
7.87,1.1257389464806945e-06,7.564413271438867e-07,1.614226863680393e-06
7.88,1.1471751593793126e-06,7.606000959973279e-07,1.4808719971495678e-06
7.890000000000001,1.1532964314870775e-06,7.578530970514336e-07,1.2829807058593046e-06
7.9,1.1656977616055847e-06,7.61488092792186e-07,1.1729570046470581e-06
7.91,1.1929790313613312e-06,7.654990902366377e-07,1.1275577483339684e-06
7.92,1.2052276722776268e-06,7.625855668380323e-07,1.2372633655568115e-06
7.93,1.186019709039862e-06,7.511508806863021e-07,1.258997352658857e-06
7.9399999999999995,1.2565645904569504e-06,7.317017443441658e-07,1.1834565663514701e-06
7.95,1.2808065535907223e-06,7.217711049349826e-07,1.0880388030489753e-06
7.96,1.2258502155897606e-06,7.196620315131583e-07,1.125308185337675e-06
7.970000000000001,1.1878071081906976e-06,7.209552357446332e-07,1.1486244056887352e-06
7.98,1.2075990503074745e-06,7.212071685629542e-07,1.3479987854363988e-06
7.99,1.2378200514384802e-06,7.241956299739503e-07,1.2536536061603243e-06
8.0,1.267560750628775e-06,7.220134404417375e-07,1.222641168150888e-06
8.01,1.2860903397595972e-06,7.204609833382551e-07,1.0846019736856785e-06
8.02,1.3283547233116544e-06,7.258634248515915e-07,1.1720661997770478e-06
8.030000000000001,1.3419660085788062e-06,7.306318948767557e-07,1.1391674819579127e-06
8.04,1.3401033004832249e-06,7.32647017320043e-07,1.1542818872061214e-06
8.05,1.3647063610737382e-06,7.360547029225163e-07,1.0680804576272609e-06
8.06,1.3903908424626501e-06,7.445435120848928e-07,1.020240235843697e-06
8.07,1.4093168816217975e-06,7.508402363518535e-07,1.082852716464463e-06
8.08,1.420767423757171e-06,7.549597514124051e-07,1.0401050694863516e-06
8.09,1.4352916487522417e-06,7.519099328716588e-07,9.51725101383406e-07
8.1,1.47716521442551e-06,7.497388701992023e-07,9.56558638316995e-07
8.11,1.4703852866818578e-06,7.472781673274755e-07,1.0350939809443213e-06
8.120000000000001,1.4425313651389635e-06,7.361938541632592e-07,1.0790018155060108e-06
8.129999999999999,1.458215445572451e-06,7.306726393494751e-07,1.1398066673654952e-06
8.14,1.467548173473105e-06,7.282701998595398e-07,1.1838852286600517e-06
8.15,1.5094546143807928e-06,7.248279388826798e-07,1.2917500179241529e-06
8.16,1.4972972513238653e-06,7.188807436043046e-07,1.2711884415135865e-06
8.17,1.4819043351290392e-06,7.132849702897618e-07,1.2443411672310772e-06
8.18,1.4980440568334589e-06,7.079351092354784e-07,1.3561312831619556e-06
8.19,1.4908907779995663e-06,7.003134384515138e-07,1.3350940932758638e-06
8.2,1.4997855642686377e-06,6.977321004955998e-07,1.242593464197629e-06
8.21,1.5070489164397614e-06,6.959040127321488e-07,1.237436762791226e-06
8.22,1.5590847351886438e-06,6.929953522553879e-07,1.2588680688837579e-06
8.23,1.6232704084121914e-06,6.920265583186345e-07,1.2175895071225351e-06
8.24,1.5464678063390705e-06,6.966764041570697e-07,1.150722422451222e-06
8.25,1.5712386468169757e-06,6.99832416357548e-07,1.1117122653409858e-06
8.26,1.611029213479516e-06,7.071363335316806e-07,1.160449483637788e-06
8.27,1.6724281109148781e-06,7.198573206173384e-07,1.2350840995147754e-06
8.280000000000001,1.6780119363711277e-06,7.266937108215307e-07,1.247558008979337e-06
8.29,1.6787737532151852e-06,7.228413968813828e-07,1.2749738642922485e-06
8.3,1.6682370751065412e-06,7.185667829913718e-07,1.2627551016094877e-06
8.31,1.6279206225621459e-06,7.042846538445281e-07,1.2564175216011269e-06
8.32,1.6169535312221346e-06,6.941489904322301e-07,1.256663088783868e-06
8.33,1.6330516971741662e-06,6.943089587105958e-07,1.3534431762962254e-06
8.34,1.5988041581121515e-06,6.958474695523522e-07,1.2741729173554922e-06
8.35,1.559057000294483e-06,6.899422027151061e-07,1.3020275090838922e-06
8.36,1.557721376688041e-06,6.912027301247096e-07,1.4317828368496446e-06
8.370000000000001,1.6160554343082992e-06,6.836690957175102e-07,1.315041338380068e-06
8.379999999999999,1.5866812744165507e-06,6.708337735168275e-07,1.22913817534327e-06
8.39,1.5899403820908845e-06,6.792239521600944e-07,1.204296094859956e-06
8.4,1.6506517299933535e-06,6.897970946934138e-07,1.1873028910966745e-06
8.41,1.5848705967347872e-06,7.001531190413691e-07,1.0977788954297418e-06
8.42,1.5337952817980255e-06,7.014415617574251e-07,1.0335320783399868e-06
8.43,1.5722751669621918e-06,7.073566160031134e-07,9.5665885948464e-07
8.44,1.5434555999356674e-06,7.073543337515691e-07,9.264137768371744e-07
8.45,1.5259258909357198e-06,7.079764516291454e-07,9.865174278466692e-07
8.46,1.526733181212434e-06,6.986495260015766e-07,1.055366944932435e-06
8.47,1.5077923019379909e-06,6.891101652550895e-07,1.052586520322311e-06
8.48,1.5730382882438468e-06,6.75761481916157e-07,1.1616035189377742e-06
8.49,1.5818549895364323e-06,6.742692580117403e-07,1.1821586345003078e-06
8.5,1.58510576005013e-06,6.826480843141603e-07,1.1371294248198208e-06
8.51,1.593213596619101e-06,6.920028257282616e-07,1.1554366442226154e-06
8.52,1.5123617741859677e-06,7.041433927284125e-07,1.1846384148322049e-06
8.530000000000001,1.5130961514483848e-06,7.076227866465181e-07,1.1204845047889068e-06
8.54,1.4725593480215892e-06,7.060924912921021e-07,1.1115512865204935e-06
8.55,1.444674960049627e-06,7.182256814067562e-07,1.0661631496201786e-06
8.56,1.4290825506879926e-06,7.438431684103151e-07,1.0071515787454855e-06
8.57,1.4360822458268505e-06,7.765916070876484e-07,1.0093933543456064e-06
8.58,1.438940566662989e-06,7.84944522865414e-07,9.713343062424876e-07
8.59,1.499045015559139e-06,7.982788784405624e-07,9.310812908048667e-07
8.6,1.508144298345153e-06,7.911493563040039e-07,9.403885803973764e-07
8.61,1.5365440528235203e-06,7.81824348648959e-07,9.838902958185742e-07
8.620000000000001,1.5636862600101096e-06,7.845563958591115e-07,9.906378283281271e-07
8.629999999999999,1.5557579244376084e-06,7.953405670276851e-07,9.245852822820785e-07
8.64,1.5390826718604287e-06,7.993366155849026e-07,9.139143780136856e-07
8.65,1.5546041819536678e-06,8.060833202814262e-07,9.689406443933348e-07
8.66,1.5891850704630234e-06,8.108521935669636e-07,1.00324963091865e-06
8.67,1.6054327355253978e-06,8.126988889740089e-07,1.0435193433051174e-06
8.68,1.5566715883733447e-06,8.081651558010905e-07,1.0380378960470028e-06
8.69,1.5666598215855897e-06,8.020891410778046e-07,1.0676693410122085e-06
8.7,1.5831989541777473e-06,7.973298374833009e-07,1.0913060868137654e-06
8.71,1.5583666805834852e-06,7.953531969150602e-07,1.1313009215676026e-06
8.72,1.4946942475923878e-06,7.939920048245031e-07,1.195125596426558e-06
8.73,1.481906571854424e-06,7.892039007440135e-07,1.2450739166108346e-06
8.74,1.44312308617703e-06,7.877903308473676e-07,1.2506873494108615e-06
8.75,1.4701026395563463e-06,7.837568233970864e-07,1.261787934731575e-06
8.76,1.5222618327367866e-06,7.856416224323439e-07,1.1636107400581219e-06
8.77,1.4677650830734903e-06,7.827170240003035e-07,1.1607211115710361e-06
8.780000000000001,1.4515055708841079e-06,7.835696106375996e-07,1.193479658349981e-06
8.79,1.49200329005003e-06,7.860332148819778e-07,1.168421920438523e-06
8.8,1.504019730317632e-06,7.847193160177138e-07,1.1446366531971767e-06
8.81,1.4468883709202609e-06,7.973147163144394e-07,1.1337490537756802e-06
8.82,1.4397169908154117e-06,8.038801590005673e-07,1.0464474307036884e-06
8.83,1.4328687994084038e-06,8.066031542943992e-07,1.1476210680738185e-06
8.84,1.432039326698404e-06,8.10388368087672e-07,1.209393687679562e-06
8.85,1.4666526525422697e-06,8.163325415081888e-07,1.1966109156104018e-06
8.86,1.4375349038185107e-06,8.180708748165292e-07,1.1937498042692044e-06
8.870000000000001,1.4335216262494887e-06,8.191344075357072e-07,1.1305225966548207e-06
8.879999999999999,1.4592356570125331e-06,8.148967455605008e-07,1.0799488185933043e-06
8.89,1.4546187287983362e-06,7.973861508460443e-07,1.0048312253248197e-06
8.9,1.415437968170787e-06,7.844133382732033e-07,8.897548931242021e-07
8.91,1.4156315104318202e-06,7.872439652259967e-07,9.499933375352103e-07
8.92,1.3646390461291785e-06,7.96363746921097e-07,9.09445628727993e-07
8.93,1.4122578449099393e-06,8.073095760103403e-07,9.180690187782576e-07
8.94,1.402517305108336e-06,8.25571200213753e-07,8.979090793866718e-07
8.95,1.410107591016838e-06,8.413157611093462e-07,8.683488031131215e-07
8.96,1.443788771655686e-06,8.479799437056278e-07,9.603334975229692e-07
8.97,1.4670879760631428e-06,8.537500548099079e-07,8.346859397066993e-07
8.98,1.4305105080423469e-06,8.615044687364011e-07,8.192844154542943e-07
8.99,1.4003101348143422e-06,8.645930921808498e-07,8.212615532139166e-07
9.0,1.4809158636381903e-06,8.687332881528118e-07,7.62253527716816e-07
9.01,1.3979734918031809e-06,8.80176270958403e-07,7.734165918827781e-07
9.02,1.3779063986302377e-06,8.896194795846365e-07,8.366402172811338e-07
9.030000000000001,1.3458940323934155e-06,8.968759307559713e-07,8.71077759883017e-07
9.04,1.3494595481874234e-06,9.052477079706755e-07,8.826450105675119e-07
9.05,1.3602299530625638e-06,9.052169268768965e-07,9.417613814637705e-07
9.06,1.4023111032642942e-06,9.036512174004309e-07,8.608083276891022e-07
9.07,1.41641616472006e-06,8.94210099581452e-07,8.703285154532762e-07
9.08,1.4589767107725584e-06,8.900914923890392e-07,9.176473956665368e-07
9.09,1.481217541003603e-06,8.925885049211698e-07,8.102333669963405e-07
9.1,1.462727881100641e-06,9.011890688865124e-07,8.780840079671612e-07
9.11,1.4531367735076387e-06,9.09519701580657e-07,9.330698099243244e-07
9.120000000000001,1.5200094771668833e-06,9.290854069867844e-07,9.555717034788923e-07
9.129999999999999,1.5694481349741792e-06,9.326143423366835e-07,9.315540341426365e-07
9.14,1.6219874583285583e-06,9.373185472083371e-07,1.0794847073895957e-06
9.15,1.649768073805637e-06,9.409347148757762e-07,1.0289255061646007e-06
9.16,1.5916769738055126e-06,9.376626194585042e-07,1.010323018814814e-06
9.17,1.6559272729573983e-06,9.367962623493443e-07,1.036532965713007e-06
9.18,1.6383115000523653e-06,9.423121679716463e-07,9.71485709528819e-07
9.190000000000001,1.6247035326309218e-06,9.491867684770145e-07,1.0482268510632262e-06
9.2,1.6904108057886405e-06,9.559125205883731e-07,1.0186294086757373e-06
9.21,1.739334056004866e-06,9.589840411858889e-07,1.0544195842780243e-06
9.219999999999999,1.7236930192658005e-06,9.60292455358119e-07,1.114040974507584e-06
9.23,1.7235514093808937e-06,9.605342048051577e-07,1.1621973290068572e-06
9.24,1.6585259650528571e-06,9.659258147353675e-07,1.0982138866440785e-06
9.25,1.6152412898013105e-06,9.69891539740595e-07,1.083220478634988e-06
9.26,1.6024134226406693e-06,9.703084085248462e-07,1.0889421619126655e-06
9.27,1.5597604242652563e-06,9.648579718956956e-07,1.0864216869481636e-06
9.280000000000001,1.5753823151881422e-06,9.670754336482398e-07,1.141478325932201e-06
9.29,1.6029564604803864e-06,9.789410128240641e-07,1.0862968406334344e-06
9.3,1.5881026705773493e-06,9.87841573307347e-07,1.0574255042175026e-06
9.31,1.5884979530427697e-06,9.85164409344544e-07,1.021678295638585e-06
9.32,1.589992310706642e-06,9.84901478303684e-07,1.0085923622606488e-06
9.33,1.6016093842610636e-06,9.864320636815165e-07,1.0165789405130675e-06
9.34,1.5506770400694302e-06,1.0020793713324195e-06,1.0115294961755224e-06
9.350000000000001,1.51562176884262e-06,1.0072096826404302e-06,9.888642832683812e-07
9.36,1.5226030280238554e-06,9.986987596723118e-07,9.852123312679185e-07
9.370000000000001,1.5359476406099266e-06,9.89375435920743e-07,9.83528816274052e-07
9.379999999999999,1.551236727457651e-06,9.807188544660885e-07,1.0850152652435757e-06
9.39,1.4833069860643457e-06,9.766114366073657e-07,1.0123219677541524e-06
9.4,1.4691192439381621e-06,9.633525538467093e-07,9.971956606957375e-07
9.41,1.4537860783349995e-06,9.491571266352903e-07,9.774111158182064e-07
9.42,1.3638584711913666e-06,9.446805245225068e-07,9.849162516574452e-07
9.43,1.300716016319487e-06,9.469417337863529e-07,9.25869626869869e-07
9.440000000000001,1.3044839431246615e-06,9.57229243234959e-07,8.940761621872477e-07
9.45,1.2751910012875249e-06,9.66622498573735e-07,8.794185561464752e-07
9.46,1.275848907972162e-06,9.716310341080355e-07,9.139183851523717e-07
9.469999999999999,1.2607436330923406e-06,9.799257973090872e-07,8.903368237002434e-07
9.48,1.261940038344716e-06,9.975713976544118e-07,8.952194621259081e-07
9.49,1.2714994959978533e-06,1.0069276057144671e-06,9.081639649870595e-07
9.5,1.2211457414760777e-06,1.0055234979026019e-06,9.161320760491133e-07
9.51,1.2652416478415736e-06,9.977007044159167e-07,9.838842604480922e-07
9.52,1.2540159791516022e-06,9.89995734606818e-07,1.070413756623117e-06
9.530000000000001,1.274805730295922e-06,9.831706746863615e-07,9.960836593371684e-07
9.54,1.2589219777641844e-06,9.724145044378712e-07,9.155893795397309e-07
9.55,1.2078610773357705e-06,9.677830489434325e-07,8.986262061230359e-07
9.56,1.182473324957696e-06,9.803022353591114e-07,8.713624331799413e-07
9.57,1.1803801088111967e-06,9.8368066656293e-07,8.431392385667976e-07
9.58,1.193730309711433e-06,9.797380232560245e-07,8.188601768679941e-07
9.59,1.2541056846696169e-06,9.878446019414962e-07,7.709007954772536e-07
9.600000000000001,1.2456054506566702e-06,9.959377738452599e-07,7.83842642408589e-07
9.61,1.198556418898446e-06,1.0052119056746484e-06,8.292274108009734e-07
9.620000000000001,1.228008240933743e-06,1.0212598817139022e-06,7.997504452399009e-07
9.629999999999999,1.247935319474899e-06,1.027674243426992e-06,7.520432602878273e-07
9.64,1.2524385602950457e-06,1.0313496905384229e-06,7.865093035517487e-07
9.65,1.1990361237377493e-06,1.0403626681158427e-06,8.389745261478559e-07
9.66,1.198448569117727e-06,1.045846666427823e-06,8.679502339513692e-07
9.67,1.2137171957420819e-06,1.0458142242194893e-06,8.787992038573596e-07
9.68,1.2737703349210288e-06,1.0474552224063964e-06,9.079744039509988e-07
9.690000000000001,1.2370510375347587e-06,1.0524567985441853e-06,8.090923065052845e-07
9.7,1.2194996952289212e-06,1.0500191930100051e-06,7.952303808612983e-07
9.71,1.1434163122305812e-06,1.0491429448640022e-06,8.150527283478367e-07
9.719999999999999,1.1789231766847821e-06,1.0532897393033387e-06,8.389739812817155e-07
9.73,1.1661637406779733e-06,1.0564617011239466e-06,7.719876777013333e-07
9.74,1.1438240967852687e-06,1.0521175776456106e-06,7.578775075670192e-07
9.75,1.098063256129457e-06,1.0492201680104564e-06,7.456116882150953e-07
9.76,1.069710743455589e-06,1.0426912017384562e-06,7.32815886061903e-07
9.77,1.0868573174163235e-06,1.0379355792183435e-06,7.315907873105685e-07
9.780000000000001,1.0290581652599601e-06,1.0406968915144218e-06,7.789137972378314e-07
9.79,1.0876434664397224e-06,1.0451308761325606e-06,7.6651734198147e-07
9.8,1.0608111838694466e-06,1.0462092350106442e-06,6.607223060122375e-07
9.81,1.0704093841763892e-06,1.0482609247352846e-06,6.733063054692582e-07
9.82,1.036149665326895e-06,1.0480216478950672e-06,7.037493450416212e-07
9.83,1.0410555805540318e-06,1.0604665856716066e-06,7.125214698266403e-07
9.84,1.046407899502477e-06,1.0688207289830548e-06,8.111708900445617e-07
9.850000000000001,1.0512036855853346e-06,1.0680218845714243e-06,6.932298290357652e-07
9.86,1.0035607837890306e-06,1.0504198157465908e-06,6.511964523049048e-07
9.870000000000001,9.715878698770716e-07,1.0481673017986342e-06,6.7740951614304e-07
9.879999999999999,9.789157854474278e-07,1.035746569850464e-06,7.442358336684389e-07
9.89,9.382422640995396e-07,1.0260417389679516e-06,7.557709855574031e-07
9.9,9.504825011189813e-07,1.02062871442296e-06,8.203859170280652e-07
9.91,9.24462418612977e-07,1.0299855420430853e-06,8.355787413132554e-07
9.92,9.397020256533006e-07,1.0368430177163314e-06,8.393549407606391e-07
9.93,9.218109775201667e-07,1.034848492807926e-06,8.866132034761253e-07
9.940000000000001,9.183066961392576e-07,1.0279028659596492e-06,9.32486136265931e-07
9.95,9.096852252776368e-07,1.025682557141991e-06,9.892945265678577e-07
9.96,8.840647863269563e-07,1.0321952202448476e-06,1.0748818267082623e-06
9.969999999999999,8.978333426856533e-07,1.0314151343138257e-06,1.0731317932953212e-06
9.98,8.929452858545189e-07,1.0225106914850734e-06,1.1211077129092572e-06
9.99,8.489842701894097e-07,1.0256001879186823e-06,1.1579028209992041e-06
10.0,8.203558557085087e-07,1.0267218732047714e-06,1.1379669630248215e-06
