Profile,CGHR_Subgrid Pearson,CGHR_Subgrid RMSD,CGHR LR Pearson,CGHR LR RMSD
Density,0.9776577949523926,0.19503404200077057,0.9830323457717896,0.16976235806941986
Temperature,0.9750270843505859,0.20529815554618835,0.9846996068954468,0.16586533188819885
Pressure,0.7802647948265076,89.5665512084961,0.9334702491760254,58.42879104614258
Ux Velocity,0.9914038181304932,1.7898560762405396,0.9925569891929626,1.5201847553253174
Uy Velocity,0.9956582188606262,0.9441899061203003,0.9940204620361328,3.723500967025757
Conserved Density,0.9750730991363525,0.01712288148701191,0.9653328657150269,0.01974189095199108
Conserved MomX,0.8683212995529175,0.003882145509123802,0.9402823448181152,0.002345010871067643
Conserved MomY,0.8225822448730469,0.00030301144579425454,0.7962823510169983,0.0005441068788059056
Conserved Energy,0.4376617670059204,1.3450740053830203e-14,0.7386104464530945,1.1681579606349825e-14
Passive Scalar,0.9797106385231018,0.00866016373038292,0.961148738861084,0.01175775844603777
fmcl (T < 1e5),0.980313939505683,0.08593730972041103,0.98773451547566,0.06804839219221237
rho u_x (Avg over X),0.8683212995529175,0.003882145509123802,0.9402823448181152,0.002345010871067643
rho u_x u_y (Avg over X),0.8631701469421387,3.07596901949318e-15,0.9146991968154907,4.816534693465437e-15
p + rho u_y^2 (Avg over X),-0.25135743618011475,4.9682399883845766e-15,-0.6352199912071228,6.4318074656380744e-15
Mass Flux (rho u_x),0.8683212995529175,0.003882145509123802,0.9402823448181152,0.002345010871067643
Mass Flux (rho u_y),0.8225822448730469,0.00030301144579425454,0.7962823510169983,0.0005441068788059056
Momentum Flux T_{xx} = rho u_x^2 + p,0.37757107615470886,2.0437468449367724e-14,0.4560130834579468,1.8962790864461565e-14
Momentum Flux T_{xy} = rho u_x u_y,0.8631701469421387,3.07596901949318e-15,0.9146991968154907,4.816534693465437e-15
Momentum Flux T_{yx} = rho u_x u_y,0.8631701469421387,3.07596901949318e-15,0.9146991968154907,4.816534693465437e-15
Momentum Flux T_{yy} = rho u_y^2 + p,-0.25135743618011475,4.9682399883845766e-15,-0.6352199912071228,6.4318074656380744e-15
Energy Flux (E+p)u_x,0.9923479557037354,9.910305465155034e-08,0.9931647181510925,8.514319205232823e-08
Energy Flux (E+p)u_y,0.9961905479431152,5.3173057068534035e-08,0.9954282641410828,2.1559748120125732e-07
Div Mass Flux (div j),0.20814204216003418,0.00030319628422148526,0.2926045358181,0.00032720467424951494
Div MomX Flux (div T_x),0.26983535289764404,2.616573289011522e-15,0.2961738705635071,2.4178352191466662e-15
Div MomY Flux (div T_y),-0.10308641940355301,1.740212778870607e-15,-0.21912141144275665,1.8578049865093822e-15
Mean Cooling Rate Profile vs y,0.7918772704120481,4.964484164811009e-26,0.7998412191020126,1.7708919801550666e-26
